"AGE","AREA","BIRTHDATE","BLOODGROUP","CITY","COMPANYAREA","COMPANYCITY","COMPANYCOUNTRY","COMPANYID","COMPANYLATTITUDE","COMPANYLONGITUDE","COMPANYPOSTALCODE","COMPANYSTATE","COMPANYSTATECODE","COUNTRY","DEPARTMENT","EIN","EMAIL","EYECOLOR","FIRSTNAME","GENDER","HAIRCOLOR","HAIRTYPE","HEIGHT","ID","IMAGE","IP","ISDELETED","LASTNAME","LATITUDE","LONGITUDE","MACADDRESS","MAIDENNAME","NAME","PASSWORD","PHONE","POSTALCODE","ROLE","SSN","STATE","STATECODE","TITLE","UNIVERSITY","USERAGENT","USERNAME","WEIGHT"
"30","576 Fifth Street","1995-06-06","AB-","Denver","27 Cedar Street","Philadelphia","United States","41","-81.84159","31.79423","79574","Connecticut","CT","United States","Services","326-604","liam.garcia@x.dummyjson.com","violet","Liam","male","red","wavy","162.32","11","https://dummyjson.com/icon/liamg/128","56.201.85.9","true","Garcia","-66.21818","-145.34016","31:9a:28:8b:99:6c","","Considine - Torp","$2a$12$jS75z89K51uFrn8dUi8ghOLedLIj6CgRfgtgA6uwBLHf9LpwBpd/C","+92 870-217-6201","57252","MODERATOR","933-784-949","South Dakota","SD","Web Developer","Ohio State University","Mozilla/5.0 (Macintosh; Intel Mac OS X 10_15_7) AppleWebKit/537.36 (KHTML, like Gecko) Chrome/97.0.4692.99 Safari/537.36","liamg","93.16"
"43","1642 Ninth Street","1982-11-06","O-","Washington","1896 Washington Street","Dallas","United States","33","20.086742","-34.577106","88511","Nevada","NV","United States","Research and Development","963-113","sophia.brown@x.dummyjson.com","hazel","Sophia","female","white","wavy","177.72","3","https://dummyjson.com/icon/sophiab/128","214.225.51.195","false","Brown","45.289368","46.832664","12:a3:d3:6f:5c:5b","","Schiller - Zieme","$2a$12$rBoGqnO5NhoXoXwW7AKvE.5nQox.bthlqchKuVp8Q4mPIR7S4UZ.G","+81 210-652-2785","32822","ADMIN","638-461-822","Alabama","AL","Accountant","Pepperdine University","Mozilla/5.0 (Windows NT 10.0; Win64; x64) AppleWebKit/537.36 (KHTML, like Gecko) Chrome/96.0.4664.45 Safari/537.36","sophiab","52.6"
"46","238 Jefferson Street","1979-05-04","AB+","Seattle","1622 Lincoln Street","Fort Worth","United States","34","54.91193","-79.49833","27768","Pennsylvania","PA","United States","Support","904-810","james.davis@x.dummyjson.com","amber","James","male","blonde","straight","193.31","4","https://dummyjson.com/icon/jamesd/128","101.118.131.66","false","Davis","16.782513","-139.34723","10:7d:df:1f:97:58","","Pagac and Sons","$2a$12$ggKLIdvqPixRQk82gQ3TdepGuNHz8/N4RHA5DyDl7cILcH27170Pm","+49 614-958-9364","68354","ADMIN","116-951-314","Pennsylvania","PA","Research Analyst","University of Southern California","Mozilla/5.0 (Macintosh; Intel Mac OS X 10_15_7) AppleWebKit/537.36 (KHTML, like Gecko) Chrome/97.0.4692.99 Safari/537.36","jamesd","62.1"
"31","607 Fourth Street","1994-06-13","AB-","Jacksonville","1460 Sixth Street","San Antonio","United States","35","44.346546","-26.9447","21965","Idaho","ID","United States","Human Resources","403-505","emma.miller@x.dummyjson.com","green","Emma","female","white","straight","192.8","5","https://dummyjson.com/icon/emmaj/128","224.126.22.183","false","Miller","0.505589","-157.43282","32:b9:7e:8d:f5:e8","Johnson","Graham - Gulgowski","$2a$12$Yr87pVNd/1glNjBQ1NtGweaOKNcyKXPJdoZumH/pDbPysOqLL91Ri","+91 759-776-1614","26593","ADMIN","526-210-885","Colorado","CO","Quality Assurance Engineer","Northeastern University","Mozilla/5.0 (Windows NT 10.0; Win64; x64; rv:97.0) Gecko/20100101 Firefox/97.0","emmaj","63.62"
"23","547 First Street","2002-04-20","B+","Fort Worth","425 Sixth Street","Indianapolis","United States","36","74.98664","-132.91689","74263","Oklahoma","OK","United States","Product Management","921-709","olivia.wilson@x.dummyjson.com","hazel","Olivia","female","gray","curly","182.61","6","https://dummyjson.com/icon/oliviaw/128","249.178.112.207","false","Wilson","75.32627","-26.15285","9c:7f:ea:34:18:19","","Pfannerstill Inc","$2a$12$.V5/K1P18vDJI9XeErigVu/hOlijiWeEmMZymZoBKyRa456mS1hzq","+91 607-295-6448","83843","MODERATOR","836-772-168","Tennessee","TN","Research Analyst","University of North Carolina--Chapel Hill","Mozilla/5.0 (Macintosh; Intel Mac OS X 10_15_7) AppleWebKit/605.1.15 (KHTML, like Gecko) Version/15.3 Safari/605.1.15","oliviaw","58.0"
"39","664 Maple Street","1986-10-20","AB-","Indianapolis","996 Eighth Street","Washington","United States","37","-75.462364","-128.0257","27858","Kansas","KS","United States","Engineering","638-127","alexander.jones@x.dummyjson.com","blue","Alexander","male","white","straight","153.89","7","https://dummyjson.com/icon/alexanderj/128","166.204.84.32","false","Jones","35.289665","7.063255","d2:64:58:2d:1c:46","","Dickens - Beahan","$2a$12$Bnc8o3b/ZWtu0xLd7zg13eY3RkZUzQ.xq2lvszVtxHX/5tG/UuLdS","+61 260-824-4986","86684","MODERATOR","722-993-925","Delaware","DE","Web Developer","University of Illinois--Urbana-Champaign","Mozilla/5.0 (Macintosh; Intel Mac OS X 10_15_7) AppleWebKit/537.36 (KHTML, like Gecko) Chrome/95.0.4638.69 Safari/537.36","alexanderj","77.42"
"28","1197 First Street","1997-08-25","AB-","Fort Worth","930 Lincoln Street","Austin","United States","38","87.970085","-42.769352","47592","Colorado","CO","United States","Marketing","297-762","ava.taylor@x.dummyjson.com","hazel","Ava","female","red","kinky","168.47","8","https://dummyjson.com/icon/avat/128","150.73.197.233","false","Taylor","-81.19483","-87.94816","8d:2e:c2:d6:e7:a8","","Nikolaus Inc","$2a$12$GpC6IKJ4Ex8NzN6XPX4ECejW.yUvJRlkxIN9OYvXZ5EZl0NvAo2pO","+1 458-853-7877","24771","MODERATOR","257-419-109","Rhode Island","RI","Chief Executive Officer","University of Wisconsin--Madison","Mozilla/5.0 (Windows NT 10.0; Win64; x64) AppleWebKit/537.36 (KHTML, like Gecko) Chrome/96.0.4664.45 Safari/537.36","avat","57.08"
"34","466 Pine Street","1991-02-12","AB+","San Antonio","1597 Oak Street","Chicago","United States","39","-67.45208","-23.209887","28100","Florida","FL","United States","Support","790-434","ethan.martinez@x.dummyjson.com","hazel","Ethan","male","purple","curly","159.19","9","https://dummyjson.com/icon/ethanm/128","63.191.127.71","false","Martinez","74.07492","-25.312702","59:e:9e:e3:29:da","","Gorczany - Gottlieb","$2a$12$A41YBaTu5k7k.pXgIRHv6.Ijhwz6Sg1N5KiomsILW1snzVgb.7y1a","+92 933-608-5081","72360","MODERATOR","569-650-348","Louisiana","LA","Legal Counsel","Syracuse University","Mozilla/5.0 (Windows NT 10.0; Win64; x64) AppleWebKit/537.36 (KHTML, like Gecko) Chrome/95.0.4638.69 Safari/537.36","ethanm","68.81"
"32","1964 Oak Street","1993-06-10","A-","New York","1029 Adams Street","San Diego","United States","40","-25.843393","-62.69268","63847","Maryland","MD","United States","Marketing","127-297","isabella.anderson@x.dummyjson.com","brown","Isabella","female","blonde","curly","150.56","10","https://dummyjson.com/icon/isabellad/128","114.9.114.205","false","Anderson","41.331326","151.78273","b1:b0:d0:a2:82:80","Davis","Pollich - Hilpert","$2a$12$LafRPH1GVZHxM35OeLtNeu/pL1gk3wx3EHMI4wG7ieNyqQS4IPWca","+49 770-658-4885","89352","MODERATOR","902-438-728","Utah","UT","Chief Financial Officer","California Institute of Technology (Caltech)","Mozilla/5.0 (Macintosh; Intel Mac OS X 10_15_7) AppleWebKit/537.36 (KHTML, like Gecko) Chrome/96.0.4664.93 Safari/537.36","isabellad","50.1"
"25","1627 Sixth Street","2000-08-04","O-","Jacksonville","1039 Washington Street","Philadelphia","United States","42","85.45593","164.24611","57518","New Jersey","NJ","United States","Accounting","754-660","mia.rodriguez@x.dummyjson.com","blue","Mia","female","purple","wavy","188.08","12","https://dummyjson.com/icon/miar/128","11.72.253.90","true","Rodriguez","24.857496","-34.86543","53:d7:a4:6:1e:58","","Miller, Schowalter and Wisozk","$2a$12$p0dVNXH9eMiAwSpdeoQA..hGiOefku7PINoNUKK0jkBbz4FM7o4UG","+49 989-461-8403","41810","MODERATOR","749-524-124","West Virginia","WV","Business Analyst","William & Mary","Mozilla/5.0 (Macintosh; Intel Mac OS X 10_15_7) AppleWebKit/537.36 (KHTML, like Gecko) Chrome/95.0.4638.54 Safari/537.36","miar","56.03"
"41","1413 Maple Street","1984-06-05","AB+","New York","62 Third Street","Seattle","United States","43","19.490446","-13.173207","83474","Oregon","OR","United States","Engineering","877-628","noah.hernandez@x.dummyjson.com","brown","Noah","male","red","curly","188.62","13","https://dummyjson.com/icon/noahh/128","169.154.126.57","true","Hernandez","-25.0377","-151.7047","d4:fe:ae:8f:eb:a3","","Botsford, Marquardt and Roberts","$2a$12$V9Alc6.VcabkMktJEC7e6O7ly3IlMNukwtXl8NtUuzxKSpMyK70Qu","+49 393-605-6968","73696","MODERATOR","660-847-389","North Dakota","ND","Database Administrator","New York University (NYU)","Mozilla/5.0 (Windows NT 10.0; Win64; x64) AppleWebKit/537.36 (KHTML, like Gecko) Chrome/95.0.4638.54 Safari/537.36","noahh","69.49"
"37","208 Second Street","1988-06-08","AB-","Columbus","26 Tenth Street","San Francisco","India","44","71.81452","-161.15027","37657","Wisconsin","WI","United States","Sales","364-782","charlotte.lopez@x.dummyjson.com","brown","Charlotte","female","gray","kinky","178.92","14","https://dummyjson.com/icon/charlottem/128","119.103.95.60","false","Lopez","-44.443764","-151.42056","f6:ff:37:aa:6c:f1","Martinez","Dooley, Kozey and Cronin","$2a$12$BzxiUIC01TK/aA7JhXLGau3JUrhbCNISh4udHgqb9LFiHQtOJWyT.","+44 373-953-5028","42044","MODERATOR","255-491-479","Ohio","OH","Sales Manager","Northeastern University","Mozilla/5.0 (Windows NT 10.0; Win64; x64) AppleWebKit/537.36 (KHTML, like Gecko) Chrome/96.0.4664.45 Safari/537.36","charlottem","82.46"
"33","31 Maple Street","1992-03-27","B-","San Jose","1538 Eighth Street","San Jose","United States","45","24.169361","-29.395166","29673","Missouri","MO","United States","Marketing","830-515","william.gonzalez@x.dummyjson.com","hazel","William","male","gray","curly","173.21","15","https://dummyjson.com/icon/williamg/128","250.2.241.204","false","Gonzalez","8.152876","113.29799","f5:68:28:f9:ec:89","","Spinka - Dickinson","$2a$12$HdO9WMiYqGB4O5EaM99NHO0.zAdnQi1Q0Yzp4OAmuif0elsTa7Y/q","+81 905-252-7319","78243","MODERATOR","690-544-755","Utah","UT","Software Architect","Tufts University","Mozilla/5.0 (Macintosh; Intel Mac OS X 10_15_7) AppleWebKit/537.36 (KHTML, like Gecko) Chrome/96.0.4664.93 Safari/537.36","williamg","82.41"
"26","1125 First Street","1999-03-10","O-","Columbus","183 Maple Street","New York","United States","46","-53.318188","105.83527","45238","Rhode Island","RI","United States","Accounting","348-493","avery.perez@x.dummyjson.com","brown","Avery","female","green","curly","172.68","16","https://dummyjson.com/icon/averyp/128","131.217.4.214","false","Perez","12.789127","85.792595","b3:ff:f3:c5:37:46","","Herzog Inc","$2a$12$59d47yApWyWpKIWO7HRQB.EdyHFPifHNNktx2FDz9cFboPWl8tcdK","+61 731-431-3457","30973","USER","679-523-686","Iowa","IA","Database Administrator","Harvard University","Mozilla/5.0 (Macintosh; Intel Mac OS X 10_15_7) AppleWebKit/537.36 (KHTML, like Gecko) Chrome/95.0.4638.69 Safari/537.36","averyp","93.9"
"38","1170 Lincoln Street","1987-10-13","B+","San Diego","1802 Ninth Street","San Diego","United States","47","29.034592","-78.0046","89416","Minnesota","MN","United States","Support","604-817","evelyn.sanchez@x.dummyjson.com","violet","Evelyn","female","blue","curly","184.08","17","https://dummyjson.com/icon/evelyns/128","87.114.135.146","false","Sanchez","-83.31484","11.768071","f8:e5:bd:43:bc:d8","","Predovic - Johns","$2a$12$UnUfTHboI2jCuaR3LEw/q.NIahopU/dJDBv/dLz.ppTrcx/1mt1IO","+1 623-880-6871","43423","USER","689-332-644","Wyoming","WY","Chief Financial Officer","Washington University in St. Louis","Mozilla/5.0 (Macintosh; Intel Mac OS X 10_15_7) AppleWebKit/537.36 (KHTML, like Gecko) Chrome/96.0.4664.45 Safari/537.36","evelyns","83.15"
"219","","1996-05-30","O-","","","","","","0.0","0.0","","","","","","977-175","ankit@hivel.ai","green","Emily","female","brown","curly","193.24","1011","https://dummyjson.com/icon/emilys/128","42.48.100.32","false","Johnson","0.0","0.0","47:fa:41:18:ec:eb","Smith","","$2a$12$I8afF6Q2p5xKno8lGdI1j.1v4KCk3fc4JjVS.QmyGNFMAMj.2Z5DS","+81 965-431-3024","","ADMIN","900-590-289","","","","University of Wisconsin--Madison","Mozilla/5.0 (Macintosh; Intel Mac OS X 10_15_7) AppleWebKit/537.36 (KHTML, like Gecko) Chrome/96.0.4664.93 Safari/537.36","ankit","63.16"
"32","907 Seventh Street","1993-10-26","A+","Columbus","947 Main Street","Denver","United States","48","-24.654062","-147.25526","71896","Minnesota","MN","United States","Training","576-218","logan.torres@x.dummyjson.com","green","Logan","male","green","curly","190.04","18","https://dummyjson.com/icon/logant/128","155.98.15.162","false","Torres","-64.84652","174.77574","40:d:5c:1:7d:bf","","Jast - Nader","$2a$12$n8Ap84ZzGesYVWCtWeoQL.km51Ugl69PwJgUa.F.DCL/rYsd54WLu","+81 507-434-8733","78805","USER","806-639-934","Arkansas","AR","Data Analyst","University of Illinois--Urbana-Champaign","Mozilla/5.0 (Macintosh; Intel Mac OS X 10_15_7) AppleWebKit/537.36 (KHTML, like Gecko) Chrome/96.0.4664.45 Safari/537.36","logant","72.43"
"29","996 Oak Street","1996-10-11","B+","Chicago","1402 Adams Street","Austin","United States","49","25.672937","-76.54967","51456","Wisconsin","WI","United States","Human Resources","173-637","abigail.rivera@x.dummyjson.com","violet","Abigail","female","blue","kinky","186.39","19","https://dummyjson.com/icon/abigailr/128","19.183.240.94","false","Rivera","44.32131","-3.723903","1d:a6:58:2a:e5:e4","","Prohaska - Thiel","$2a$12$Q6uFav4be.1c1.fxSU5yReXuZYl28sVoA/jRnTL3KX9hkxyMUF3Cm","+91 228-363-7806","11407","USER","655-823-929","New Mexico","NM","Business Analyst","California Institute of Technology (Caltech)","Mozilla/5.0 (Windows NT 10.0; Win64; x64) AppleWebKit/537.36 (KHTML, like Gecko) Edge/97.0.1072.76 Safari/537.36","abigailr","74.61"
"35","1873 Main Street","1990-11-30","O-","New York","1706 First Street","Chicago","United States","50","-80.41694","-83.22452","34725","Hawaii","HI","United States","Legal","843-260","jackson.evans@x.dummyjson.com","green","Jackson","male","red","straight","162.57","20","https://dummyjson.com/icon/jacksone/128","221.127.144.198","false","Evans","34.72245","63.44893","81:14:1:97:88:85","","Kuhlman LLC","$2a$12$35LbFZ0LaSrsQiRKUIkI9uejGeeZlPQvlC.3hMCyIVfcESWSJXpxm","+44 468-628-6686","26600","USER","248-787-886","Arkansas","AR","Web Developer","Ohio State University","Mozilla/5.0 (Macintosh; Intel Mac OS X 10_15_7) AppleWebKit/537.36 (KHTML, like Gecko) Chrome/97.0.4692.99 Safari/537.36","jacksone","74.37"
"27","1892 Lincoln Street","1998-03-07","B-","Philadelphia","1438 Main Street","San Diego","United States","51","1.629613","23.232983","63144","Delaware","DE","United States","Engineering","716-166","madison.collins@x.dummyjson.com","red","Madison","female","gray","curly","189.28","21","https://dummyjson.com/icon/madisonc/128","85.34.1.204","false","Collins","52.993694","160.4869","13:b0:d0:23:4d:26","","Mayer - Smitham","$2a$12$zX5pCQIB8vtu6WDtceZrteQldy6zMmTU2lqegkRrBWWeyG2RdTF6i","+81 259-957-5711","62091","USER","457-258-950","New Jersey","NJ","Chief Technology Officer","University of Pennsylvania","Mozilla/5.0 (Macintosh; Intel Mac OS X 10_15_7) AppleWebKit/537.36 (KHTML, like Gecko) Chrome/97.0.4692.99 Safari/537.36","madisonc","56.96"
"34","1701 Eighth Street","1991-10-22","A-","Columbus","155 Ninth Street","Washington","United States","52","61.279255","-12.607767","19039","South Dakota","SD","United States","Legal","520-394","elijah.stewart@x.dummyjson.com","blue","Elijah","male","purple","straight","195.33","22","https://dummyjson.com/icon/elijahs/128","23.87.135.62","false","Stewart","-54.833797","-174.50403","75:17:c6:35:fc:6d","","Langworth Group","$2a$12$WGX28a9biezg7Dw9diS7Fe9rK7M/QnuX8Idp4xBZJkMRoz04yemE.","+44 468-357-7872","31585","USER","287-380-801","Illinois","IL","Business Analyst","Georgetown University","Mozilla/5.0 (Macintosh; Intel Mac OS X 10_15_7) AppleWebKit/537.36 (KHTML, like Gecko) Chrome/96.0.4664.93 Safari/537.36","elijahs","81.64"
"40","401 Fourth Street","1985-04-21","O+","Dallas","269 Third Street","Houston","United States","53","40.098114","-1.762972","10385","North Carolina","NC","United States","Sales","913-597","chloe.morales@x.dummyjson.com","brown","Chloe","female","red","kinky","185.07","23","https://dummyjson.com/icon/chloem/128","66.78.20.21","false","Morales","-30.19076","-58.70598","fc:f:29:e1:37:b8","","Grady LLC","$2a$12$8mL4XbpLkUY1v.Xq5cYSxejgh01zx/f2wMlmHvvtTF3UaarntmTrG","+92 468-541-7133","54972","USER","938-883-163","New Jersey","NJ","Database Administrator","Syracuse University","Mozilla/5.0 (Windows NT 10.0; Win64; x64) AppleWebKit/537.36 (KHTML, like Gecko) Chrome/96.0.4664.93 Safari/537.36","chloem","63.97"
"31","1578 Fourth Street","1994-06-02","O+","Columbus","1967 Jefferson Street","Dallas","United States","54","75.98267","164.45975","78527","Louisiana","LA","United States","Accounting","229-249","mateo.nguyen@x.dummyjson.com","red","Mateo","male","purple","wavy","174.29","24","https://dummyjson.com/icon/mateon/128","192.57.144.7","false","Nguyen","-32.828674","-82.55736","a7:26:10:7a:36:29","","Spinka LLC","$2a$12$SPlI4i6tf/G/2ex.ni8kLu9T4qQqF6l35BBeUO6phlhQvDzOStXnu","+1 341-597-6694","20673","USER","416-877-230","Missouri","MO","Business Analyst","Columbia University","Mozilla/5.0 (Windows NT 10.0; Win64; x64) AppleWebKit/537.36 (KHTML, like Gecko) Chrome/95.0.4638.69 Safari/537.36","mateon","59.98"
"28","1591 Adams Street","1997-03-03","AB-","Philadelphia","16 Maple Street","Austin","United States","55","-15.423746","149.29889","68274","North Carolina","NC","United States","Legal","592-557","harper.kelly@x.dummyjson.com","amber","Harper","female","red","curly","184.32","25","https://dummyjson.com/icon/harpere/128","174.111.61.162","false","Kelly","-26.832912","-75.445015","b:ff:33:67:94:e4","Evans","Leffler, Rolfson and Becker","$2a$12$PbkiKbtQGvaGwLO6dpvcNeCgTcJYMMwCf02S27OqPK9j3ynsVizIe","+92 518-863-2863","69521","USER","209-544-548","New York","NY","Business Development Manager","Boston College","Mozilla/5.0 (Macintosh; Intel Mac OS X 10_15_7) AppleWebKit/537.36 (KHTML, like Gecko) Chrome/97.0.4692.99 Safari/537.36","harpere","81.69"
"36","1065 Lincoln Street","1989-02-05","O+","Dallas","584 Ninth Street","Jacksonville","United States","56","26.01402","40.572437","45633","Wisconsin","WI","United States","Accounting","569-275","evelyn.gonzalez@x.dummyjson.com","red","Evelyn","female","black","wavy","168.94","26","https://dummyjson.com/icon/evelyng/128","42.52.74.232","false","Gonzalez","67.76836","71.26865","89:5e:5a:2a:72:42","","Tromp, Gaylord and Weber","$2a$12$V3uLeZoApwSqgVrcu9r1E.okDPqRNH1R1FnCCpbud2TPiFqHNMdIq","+61 708-508-4638","84898","USER","487-680-127","Maine","ME","Project Manager","Washington University in St. Louis","Mozilla/5.0 (Windows NT 10.0; Win64; x64) AppleWebKit/537.36 (KHTML, like Gecko) Chrome/95.0.4638.54 Safari/537.36","evelyng","58.47"
"42","1163 Pine Street","1983-12-25","AB+","Los Angeles","938 Fifth Street","San Francisco","United States","57","21.323587","-83.531425","45305","South Dakota","SD","United States","Support","585-905","daniel.cook@x.dummyjson.com","brown","Daniel","male","blonde","curly","186.21","27","https://dummyjson.com/icon/danielc/128","1.61.73.142","false","Cook","-3.456681","-134.93748","6e:73:dc:3a:85:10","","Morissette, Baumbach and Auer","$2a$12$LCIfEJSMX9wMJdCqrlICK.5bBW8bS7GZSJYTjTQL2MAFDEIJmWDAy","+44 254-761-6843","58781","USER","645-515-583","Nevada","NV","Legal Counsel","Columbia University","Mozilla/5.0 (Windows NT 10.0; Win64; x64; rv:97.0) Gecko/20100101 Firefox/97.0","danielc","83.72"
"30","1946 Oak Street","1995-12-03","AB-","Phoenix","1735 Cedar Street","Phoenix","United States","58","72.23144","-158.14725","85797","Wyoming","WY","United States","Product Management","229-776","lily.lee@x.dummyjson.com","gray","Lily","female","purple","straight","181.42","28","https://dummyjson.com/icon/lilyb/128","67.184.255.96","false","Lee","-9.87059","-72.336845","18:b6:c7:a:50:3f","Brown","Cremin Inc","$2a$12$Lowk.eODMD7MYPv76dVgHuVdna/pQFThNJnLnXUAFw8fu9sLVvwOi","+1 808-757-9867","41540","USER","358-185-671","Massachusetts","MA","Quality Assurance Engineer","Johns Hopkins University","Mozilla/5.0 (Windows NT 10.0; Win64; x64) AppleWebKit/537.36 (KHTML, like Gecko) Edge/97.0.1072.76 Safari/537.36","lilyb","51.49"
"39","1837 Maple Street","1986-08-19","O-","Indianapolis","1651 Lincoln Street","San Francisco","United States","59","-59.936337","-12.405368","61805","West Virginia","WV","United States","Services","118-957","henry.hill@x.dummyjson.com","gray","Henry","male","black","straight","180.25","29","https://dummyjson.com/icon/henryh/128","194.43.55.202","false","Hill","35.498257","154.08847","fa:c3:1b:21:5f:44","","Gerlach, Funk and Schoen","$2a$12$500uJjdj7cc7hYwhTp6v2.w9XX5siPvis/3UC5Y3/sOtjUl41E2Yq","+1 240-833-4680","81783","USER","925-686-100","Delaware","DE","Sales Manager","University of Illinois--Urbana-Champaign","Mozilla/5.0 (Windows NT 10.0; Win64; x64) AppleWebKit/537.36 (KHTML, like Gecko) Chrome/96.0.4664.93 Safari/537.36","henryh","95.84"
"33","568 Tenth Street","1992-01-03","B+","San Francisco","1173 Eighth Street","San Diego","United States","60","65.32441","87.14289","85777","Michigan","MI","United States","Services","415-286","addison.wright@x.dummyjson.com","brown","Addison","female","blonde","straight","179.32","30","https://dummyjson.com/icon/addisonw/128","11.35.69.81","false","Wright","20.946053","100.22882","fb:0:94:21:16:c","","Kreiger Inc","$2a$12$YwCWg7NBOwZC06HeG7iEk.UwSzPds0us.wR8DjW44PqOTCvBL0WcW","+1 514-384-3300","54698","USER","804-492-390","Montana","MT","Human Resources Manager","Syracuse University","Mozilla/5.0 (Macintosh; Intel Mac OS X 10_15_7) AppleWebKit/537.36 (KHTML, like Gecko) Chrome/96.0.4664.93 Safari/537.36","addisonw","76.93"
"36","385 Fifth Street","1989-08-10","B+","Houston","395 Main Street","Los Angeles","United States","32","79.09833","-119.62485","73442","New Hampshire","NH","United States","Support","912-602","michael.williams@x.dummyjson.com","red","Michael","male","green","straight","186.22","2","https://dummyjson.com/icon/michaelw/128","12.13.116.142","false","Williams","22.815468","115.60858","79:15:78:99:60:aa","","Spinka - Dickinson","$2a$12$BJXXZV22aFLfIPOFw/D5cOfNcMXW3LfsDREmZdYIho76rg7kqQXoO","+49 258-627-6644","38807","ADMIN","108-953-962","Alabama","AL","Support Specialist","Ohio State University","Mozilla/5.0 (Windows NT 10.0; Win64; x64) AppleWebKit/537.36 (KHTML, like Gecko) Edge/97.0.1072.76 Safari/537.36","michaelw","76.32"
"29","626 Main Street","1996-05-30","O-","Phoenix","263 Tenth Street","San Francisco","United States","31","71.81452","-161.15027","37657","Wisconsin","WI","United States","Engineering","977-175","emily.johnson@x.dummyjson.com","green","Emily","female","brown","curly","193.24","1","https://dummyjson.com/icon